Entity,Code,Year,Deaths - Sex: all - Age: 0-4 - Variant: estimates,Deaths - Sex: all - Age: 5-9 - Variant: estimates,Deaths - Sex: all - Age: 10-14 - Variant: estimates,Deaths - Sex: all - Age: 15-19 - Variant: estimates,Deaths - Sex: all - Age: 20-24 - Variant: estimates,Deaths - Sex: all - Age: 25-29 - Variant: estimates,Deaths - Sex: all - Age: 30-34 - Variant: estimates,Deaths - Sex: all - Age: 35-39 - Variant: estimates,Deaths - Sex: all - Age: 40-44 - Variant: estimates,Deaths - Sex: all - Age: 45-49 - Variant: estimates,Deaths - Sex: all - Age: 50-54 - Variant: estimates,Deaths - Sex: all - Age: 55-59 - Variant: estimates,Deaths - Sex: all - Age: 60-64 - Variant: estimates,Deaths - Sex: all - Age: 65-69 - Variant: estimates,Deaths - Sex: all - Age: 70-74 - Variant: estimates,Deaths - Sex: all - Age: 75-79 - Variant: estimates,Deaths - Sex: all - Age: 80-84 - Variant: estimates,Deaths - Sex: all - Age: 85-89 - Variant: estimates,Deaths - Sex: all - Age: 90-94 - Variant: estimates,Deaths - Sex: all - Age: 95-99 - Variant: estimates,Deaths - Sex: all - Age: 100+ - Variant: estimates
India,IND,1950,4268663,199364,140931,190062,216662,220352,216018,222826,224588,218071,246060,232674,285621,231204,260760,222561,149462,73641,25153,7424,122
India,IND,1951,4338945,203204,141487,192271,219229,222945,218440,225132,228187,222522,250855,240017,289374,245083,255389,226375,150194,73267,23785,5907,396
India,IND,1952,4376175,205636,140569,193478,220519,224478,219473,226736,229354,228019,251201,252077,285058,266695,245360,232128,150872,72971,22580,5006,605
India,IND,1953,4420023,212104,142027,197241,224804,229223,223447,231513,232442,236990,251982,268704,279272,292347,237468,237870,152279,73008,21985,4335,658
India,IND,1954,4408560,209275,135258,191567,219058,223852,217618,226690,226723,236898,246735,276467,271471,307289,233630,238733,153366,72838,21707,3769,586
India,IND,1955,4415020,217957,134174,190602,218929,224331,217764,227235,226770,240247,248007,284371,273228,317839,239889,237732,155629,73416,21678,3489,461
India,IND,1956,4422838,227069,134459,190183,220010,226030,219298,228798,228321,243390,252290,289402,281609,321798,254990,233059,159334,74192,21670,3351,380
India,IND,1957,4437888,238631,136428,190526,222537,229040,222386,231527,231639,246380,260016,291411,297382,318658,279288,225000,164712,75003,21699,3251,345
India,IND,1958,4436017,248017,137007,188930,222416,229317,223127,231899,233255,246703,267402,289955,315075,310999,305560,218190,169350,75899,21747,3207,311
India,IND,1959,4425046,252855,136947,186201,220231,228000,222255,230720,233119,245597,272538,288655,329140,306938,325572,218113,171215,77120,21880,3212,276
India,IND,1960,4438074,259609,140071,185831,219138,228184,223074,231423,234444,246700,277689,291463,340245,311010,338624,226337,171006,78692,22175,3244,257
India,IND,1961,4469358,269717,145507,187796,219367,230236,225759,234115,237392,250024,283171,298443,348652,323219,345086,242911,168175,81038,22517,3279,250
India,IND,1962,4493464,276927,149968,188713,217459,230740,226696,235320,238602,252544,285916,307355,351368,342195,342508,267153,162606,83972,22785,3312,248
India,IND,1963,4517731,283347,154704,189059,214432,229823,226347,235503,238807,254766,287281,317603,351653,364771,336334,293563,158402,86390,23118,3362,250
India,IND,1964,4547786,290968,158867,191822,212533,228656,226183,235916,239458,257416,289549,327908,354669,385466,335475,314379,159739,87263,23631,3438,255
India,IND,1965,4856306,345985,185386,207154,220253,235346,234749,246059,251275,272401,306648,352436,377217,418101,354712,334639,171659,89292,24974,3653,271
India,IND,1966,4846432,354381,186991,212002,218826,231128,232345,244360,250688,273594,309682,359631,387288,428782,368576,338931,183462,86618,25515,3700,275
India,IND,1967,4842372,364701,188831,217608,217879,226161,229696,242230,250147,274654,313795,365530,402005,434165,391020,335103,200489,82942,26334,3750,279
India,IND,1968,4554845,327975,164951,212086,208333,212499,217111,229212,237950,262670,304247,354835,402730,420415,403313,320622,213242,78023,26246,3719,279
India,IND,1969,4552650,338231,165250,215741,209355,207403,212477,225639.98,236524,263011,308309,359700,418460,424954,425444,318838,226363,79334,26723,3919,298
India,IND,1970,4553243,348574,165760,217855,213787,203895,207626,222169,235330,263765,312223,365335,431813,432858,440894,324068,233097,83851,26862,4156,322
India,IND,1971,4570164,360191,167380,220791,220632,202864,203620,219814,235074,265432,316370,371792,442828,443932,449485,335586,234225,91138,26646,4465,349
India,IND,1972,4591196,370744,168741,222340,226839,200858,197778,216367,233780,266444,319358,378076,450146,457849,450760,353824,230314,101109,26268,4856,379
India,IND,1973,4586124,378689,168976,223369,234360,199823,192501,213052,232378,267192,321355,383691,454284,472068,447466,373928,224750,111190,26332,5209,413
India,IND,1974,4538606,380094,166179,221768,238038,199515,186342,207536,229087,265915,321220,386688,456128,482248,444886,389658,223205,118457,27544,5437,450
India,IND,1975,4493923,385075,165648,221075,240567,203056,182544,202971,227066,266002,322765,390874,460876,491859,448866,401403,228454,123292,30193,5646,500
India,IND,1976,4455361,388737,164261,219432,241417,206292,179207,197680,224619,265564,324029,394313,466466,499513,457883,409201,239477,125883,33970,5789,562
India,IND,1977,4395399,393930,163707,217621,240912,209471,176482,192235,222425,265098,325579,397535,473765,505772,472923,413480,256552,126446,38871,5901,637
India,IND,1978,4321053,393256,160572,214132,238168,211986,173433,186236,219286,263681,326419,399756,481434,510749,490970,416587,276281,126706,43943,6146,709
India,IND,1979,4258721,393188,157986,210408,233622,211918,172145,180729,215343,261849,326843,401770,488871,516521,508308,423100,293964,129734,47995,6742,771
India,IND,1980,4221704,392092,155564,206731,229218,210436,173779,176849,211398,260297,327523,404406,496395,524387,523830,434404,308015,136251,50796,7666,826
India,IND,1981,4171059,389757,153242,202503,224163,207948,175576,173590,206775,258447,327729,406842,503062,533081,536879,449704,318323,145743,52496,8868,871
India,IND,1982,4111065,386671,151101,198383,219148,205071,177974,171058,201870,256828,327764,409429,508947,542879,546989,468969,324632,158082,53148,10335,913
India,IND,1983,4053913,382451,149041,194585,214494,201941,181135,169149,197224,255246,327728,412115,514242,553283,555047,489791,329115,171236,53612,11803,980
India,IND,1984,4004173,378169,147166,191180,210507,198889,183373,169693,193595,253395,327821,414836,519532,563429,563259,508427,335371,182225,55205,12928,1104
India,IND,1985,3941858,374831,145425,188191,206685,196026,184154,172651,191139,251186,327936,417485,524914,572839,572283,523418,344497,190170,58168,13658,1279
India,IND,1986,3886883,371618,143707,185970,203509,194062,185198,176675,189896,248780,328410,420217,530417,581511,581765,534912,356009,195321,62230,14083,1497
India,IND,1987,3808548,367865,142074,184416,201233,193029,186536,181861,189677,246257,329626,423166,536203,589360,591869,542637,369906,197810,67293,14238,1755
India,IND,1988,3726403,363666,140449,183513,200125,193137,188174,188379,190389,244205,331298,426426,542197,596688,602196,547792,384416,199264,72476,14379,2010.9999
India,IND,1989,3641088,358785,138707,182926,199423,193728,189570,193746,193630,243118,332523,429769,547962,604007,611828,552693,396855,202032,76588,14896,2209
India,IND,1990,3548734,353545,137660,183263,200495,195734,192017,198322,200223,243915,333688,433529,553873,612053,620957,558467,406611,206915,79470,15835,2345
India,IND,1991,3460707,347612,136816,183682,202172,197795,194703,202870,207909,246032,334410,437596,559793,620765,629754,565032,414207,213636,81398,17096,2440
India,IND,1992,3370192,340844,135957,183855,203905,199709,197314,207112,216557,248982,334421,442034,565527,630108,638104,572632,419698,222181,82536,18643,2498
India,IND,1993,3278635,334430,136456,184741,206670,202581,200860,211742,226968,253258,335052,447015,571832,640667,646975,581254,424400,231652,83694,20258,2568
India,IND,1994,3188404,325076,135366,184464,209013,204855,203890,215309,235198,260117,336044,450241,577325,650738,655943,589661,429793,240285,85773,21556,2705
India,IND,1995,3098795,315990,134952,185367,212060,207743,207325,219221,241588,270788,338698,452322,582584,660847,665961,598125,436931,247964,89147,22565,2919
India,IND,1996,3005868,306324,134357,186640,215198,211042,210667,223282,247576,282806,342414,452686,587456,670538,676642,606639,445632,255018,93620,23345,3186
India,IND,1997,2910483,295966,133478,187945,217899,214131,213787,227183,252819,296112,346512,450935,592058,679446,687934,615197,456123,261552,99177,23983,3504
India,IND,1998,2816651,286087,132798,189804,220185,217054,217031,231236,257328,310976,350832,448092,595807,687618,699753,624240,468275,268272,105347,24687,3826
India,IND,1999,2721963,276117,131775,191454,221886,219574,219839,234977,260563,322974,358449,445335,597255,694730,711510,634341,481428,276136,111325,25765,4097
India,IND,2000,2636156,263545,129018,191830,223091,221050,221878,237672,262641,331017,369824,443511,596396,700872,723430,646086,495529,285477,116877,27225,4306
India,IND,2001,2555847,254564,128391,193463,225536,223190,225150,241031,265667,339432,383372,444002,594897,708028,736887,660214,511231,296506,122283,29051,4486
India,IND,2002,2449264,241420,124017,191524,224685,222046,225742,241829,266441,345058,396506,444021,590525,714678,750100,676140,527812,308761,127246,31106,4627
India,IND,2003,2332103,230357,121103,190134,224739,221055,226781,243264,268068,350375,411749,445674,586958,722388,765295,695008,546433,322630,132286,33286,4783
India,IND,2004,2219553,221308,119183,188782,224928,220148,228112,245047,270461,355200,424534,453523,586133,729708,782113,716026,567026,337285,137694,35292,4997
India,IND,2005,2093819,209054,114723,184655,222727,218028,227626,245325,271329,358028,432119,466764,587469,734787,798312,737568,588378,351699,143275,37010,5266
India,IND,2006,1970157.9,198647,110990,180145,219663,215791,226599,245909,272220,360841,439698,483301,591802,738306,814520,759005,609749,365574,148902,38501,5572
India,IND,2007,1854649,188351,107236,175210,216154,213595,225220,246742,273471,363684,447437,503983,598562,740106,830592,779210,630084,378260,154435,39802,5915
India,IND,2008,1751160,177351,103296,169542,211128,210795,222607,247070,274723,366169,454753,529093,606803,740879,844270,796961,648088,389319,159631,40989,6267
India,IND,2009,1659915,166035,99266,163366,205014,207601,219399,247355,276187,368596,461960,552792,622838,743230,853688,811814,663145,399023,164359,42178,6579
India,IND,2010,1560786,154318,95123,156995,198264,203981,216466,247516,278048,370530,469475,573279,647737,748836,859428,824291,676045,408175,168897,43533,6878
India,IND,2011,1465550,142487,91068,150406,190783,199889,213507,247234,280405,371691,477386,594783,676301,757833,862714,836040,687926,417471,173633,45099,7187
India,IND,2012,1373272,131022,87036,143639,182876,195405,210349,246346,282883,372362,485291,616768,708825,769804,864644,848776,699826,427551,178861,46912,7516
India,IND,2013,1281925,120885,83229,137142,175155,190763,207612,244951,285543,373053,493320,638657,746104,785011,868280,862635,712891,439035,184984,49054,7897
India,IND,2014,1172690,110834,78904,130256,166864,185249,204353,242574,287720,372772,500175,658846,778705,810900,876105,876099,727471,451931,192185,51438,8341
India,IND,2015,1098967,102135,74769,123859,159111,179786,201002,240656,290058,372721,505959,678781,805226,849570,890129,889482,743867,466555,200769,54152,8872
India,IND,2016,1034488,93861,70277,117584,151295,173834,197016,238386,291631,372408,509394,697809,830509,892761,908690,902419,762251,482594,210577,57258,9497
India,IND,2017,955501,86492,65988,111798,144103,168347,193290,236283,293083,372360,511523,716225,854660,941110,930816,915160,783362,500024,221633,60767,10224
India,IND,2018,899927,79367,61823,106004,137248,163012,189201,234169,293748,371873,511882,733180,875936,993817,954775,929225,805997,518685,233845,64689,11046
India,IND,2019,837526.94,72570,58077,100351,130771,157891,184829,231953,294083,371431,510425,748299,893873,1039172,990561,947362,828296,538524,247185,69298,12008
India,IND,2020,774068,66186,54604,94640,123123,137655,166443,223312,303071,396141,558369,846316,1027043,1208025,1149240,1034845,884008,644798,314361,94412,17626
India,IND,2021,724076.06,60679,51451,88888,121808,179694,227809,311700,422181,547535,771843,1139226,1372434,1648489,1615850,1418950,1171086,737556,356265,107418,18845
India,IND,2022,682130,55633,48585,83282,114347,144623,170842,222619,296484,367197,498285,771441,926966,1114599,1117472,996247,854268,568512,261408,68787,9453
India,IND,2023,642598,50951,45840,77985,109272,140489,166104,218721,297803,364986,494049,778279,940460,1139823,1176112,1029824,874165,592858,279542,76152,11000